ObjectID,Session_Name,Timestamp,Latitude,Longitude,PM 10,PM2.5
1,Kampala Breathes 1,2025-06-14T08:12:48.000,0.363682453,32.63449424,55,37
2,Kampala Breathes 1,2025-06-14T08:12:49.000,0.363677186,32.6344741,91,55
3,Kampala Breathes 1,2025-06-14T08:12:50.000,0.363686417,32.63445652,98,58
4,Kampala Breathes 1,2025-06-14T08:12:51.000,0.363684009,32.63444171,110,65
5,Kampala Breathes 1,2025-06-14T08:12:52.000,0.363680695,32.63442335,104,62
6,Kampala Breathes 1,2025-06-14T08:12:53.000,0.363678937,32.63440793,91,55
7,Kampala Breathes 1,2025-06-14T08:12:54.000,0.363681863,32.63439598,79,49
8,Kampala Breathes 1,2025-06-14T08:12:55.000,0.363684298,32.63438394,66,43
9,Kampala Breathes 1,2025-06-14T08:12:56.000,0.363689355,32.63437291,66,43
10,Kampala Breathes 1,2025-06-14T08:12:57.000,0.363694474,32.63435885,60,39
11,Kampala Breathes 1,2025-06-14T08:12:58.000,0.363695034,32.63434425,60,39
12,Kampala Breathes 1,2025-06-14T08:12:59.000,0.363696587,32.63433271,54,36
13,Kampala Breathes 1,2025-06-14T08:13:00.000,0.363699918,32.63431773,50,35
14,Kampala Breathes 1,2025-06-14T08:13:01.000,0.363698696,32.6342991,47,33
15,Kampala Breathes 1,2025-06-14T08:13:02.000,0.363700879,32.63428743,47,33
16,Kampala Breathes 1,2025-06-14T08:13:03.000,0.363700937,32.63427209,47,33
17,Kampala Breathes 1,2025-06-14T08:13:04.000,0.363701243,32.63425987,42,30
18,Kampala Breathes 1,2025-06-14T08:13:05.000,0.36370359,32.63424603,42,30
19,Kampala Breathes 1,2025-06-14T08:13:06.000,0.363703267,32.63422752,37,28
20,Kampala Breathes 1,2025-06-14T08:13:07.000,0.363707101,32.63421108,37,28
21,Kampala Breathes 1,2025-06-14T08:13:08.000,0.363710691,32.6341941,37,28
22,Kampala Breathes 1,2025-06-14T08:13:09.000,0.363712072,32.63418043,42,30
23,Kampala Breathes 1,2025-06-14T08:13:10.000,0.36371625,32.63416795,42,30
24,Kampala Breathes 1,2025-06-14T08:13:11.000,0.363713742,32.63415299,37,28
25,Kampala Breathes 1,2025-06-14T08:13:12.000,0.363716072,32.63414217,37,28
26,Kampala Breathes 1,2025-06-14T08:13:13.000,0.363720546,32.63413593,37,28
27,Kampala Breathes 1,2025-06-14T08:13:14.000,0.363721253,32.63411192,37,28
28,Kampala Breathes 1,2025-06-14T08:13:15.000,0.36371845,32.63410245,32,25
29,Kampala Breathes 1,2025-06-14T08:13:16.000,0.363699318,32.63409385,29,24
30,Kampala Breathes 1,2025-06-14T08:13:17.000,0.363677742,32.63409341,29,24
31,Kampala Breathes 1,2025-06-14T08:13:18.000,0.363657646,32.63408396,32,25
32,Kampala Breathes 1,2025-06-14T08:13:19.000,0.36364597,32.63408228,32,25
33,Kampala Breathes 1,2025-06-14T08:13:20.000,0.363634173,32.63407917,29,24
34,Kampala Breathes 1,2025-06-14T08:13:21.000,0.363626812,32.634089,27,23
35,Kampala Breathes 1,2025-06-14T08:13:22.000,0.363630018,32.63409685,39,29
36,Kampala Breathes 1,2025-06-14T08:13:23.000,0.363622848,32.63410704,73,46
37,Kampala Breathes 1,2025-06-14T08:13:24.000,0.363611054,32.63411452,79,49
38,Kampala Breathes 1,2025-06-14T08:13:25.000,0.363600073,32.6341187,85,52
39,Kampala Breathes 1,2025-06-14T08:13:26.000,0.363579373,32.63411695,85,52
40,Kampala Breathes 1,2025-06-14T08:13:27.000,0.363560304,32.6341162,85,52
41,Kampala Breathes 1,2025-06-14T08:13:28.000,0.363545571,32.63411255,85,52
42,Kampala Breathes 1,2025-06-14T08:13:29.000,0.363531412,32.63410616,91,55
43,Kampala Breathes 1,2025-06-14T08:13:30.000,0.363519462,32.63410224,91,55
44,Kampala Breathes 1,2025-06-14T08:13:31.000,0.363508087,32.6340999,85,52
45,Kampala Breathes 1,2025-06-14T08:13:32.000,0.363496609,32.63408366,73,46
46,Kampala Breathes 1,2025-06-14T08:13:33.000,0.363484822,32.6340742,54,36
47,Kampala Breathes 1,2025-06-14T08:13:34.000,0.363467039,32.63408411,47,33
48,Kampala Breathes 1,2025-06-14T08:13:35.000,0.363453125,32.63410028,42,30
49,Kampala Breathes 1,2025-06-14T08:13:36.000,0.363439579,32.63410571,42,30
50,Kampala Breathes 1,2025-06-14T08:13:37.000,0.363428922,32.63411048,42,30
51,Kampala Breathes 1,2025-06-14T08:13:38.000,0.363414871,32.63411549,42,30
52,Kampala Breathes 1,2025-06-14T08:13:39.000,0.363395905,32.63411304,42,30
53,Kampala Breathes 1,2025-06-14T08:13:40.000,0.363379646,32.63411055,37,28
54,Kampala Breathes 1,2025-06-14T08:13:41.000,0.363364454,32.63411108,37,28
55,Kampala Breathes 1,2025-06-14T08:13:42.000,0.363351075,32.63410235,32,25
56,Kampala Breathes 1,2025-06-14T08:13:43.000,0.363342216,32.63408952,29,24
57,Kampala Breathes 1,2025-06-14T08:13:44.000,0.363333395,32.63407025,32,25
58,Kampala Breathes 1,2025-06-14T08:13:45.000,0.363325908,32.63405643,32,25
59,Kampala Breathes 1,2025-06-14T08:13:46.000,0.363318036,32.63404637,32,25
60,Kampala Breathes 1,2025-06-14T08:13:47.000,0.36331079,32.63403812,32,25
61,Kampala Breathes 1,2025-06-14T08:13:48.000,0.363298974,32.63403247,32,25
62,Kampala Breathes 1,2025-06-14T08:13:49.000,0.363286557,32.63402386,32,25
63,Kampala Breathes 1,2025-06-14T08:13:50.000,0.363275842,32.63401542,32,25
64,Kampala Breathes 1,2025-06-14T08:13:51.000,0.363265135,32.63400854,32,25
65,Kampala Breathes 1,2025-06-14T08:13:52.000,0.363253336,32.6340013,32,25
66,Kampala Breathes 1,2025-06-14T08:13:53.000,0.363241535,32.63399859,32,25
67,Kampala Breathes 1,2025-06-14T08:13:54.000,0.363230588,32.63399277,32,25
68,Kampala Breathes 1,2025-06-14T08:13:55.000,0.363221307,32.63399187,32,25
69,Kampala Breathes 1,2025-06-14T08:13:56.000,0.363203612,32.63398845,29,24
70,Kampala Breathes 1,2025-06-14T08:13:57.000,0.363191157,32.63398187,29,24
71,Kampala Breathes 1,2025-06-14T08:13:58.000,0.363175458,32.63397957,29,24
72,Kampala Breathes 1,2025-06-14T08:13:59.000,0.363161807,32.63397616,29,24
73,Kampala Breathes 1,2025-06-14T08:14:00.000,0.363148439,32.63397407,29,24
74,Kampala Breathes 1,2025-06-14T08:14:01.000,0.363139672,32.63397946,27,23
75,Kampala Breathes 1,2025-06-14T08:14:02.000,0.363125541,32.63398772,27,23
76,Kampala Breathes 1,2025-06-14T08:14:03.000,0.363118295,32.63400528,27,23
77,Kampala Breathes 1,2025-06-14T08:14:04.000,0.363112619,32.63400328,27,23
78,Kampala Breathes 1,2025-06-14T08:14:05.000,0.363112828,32.63398516,27,23
79,Kampala Breathes 1,2025-06-14T08:14:06.000,0.363113252,32.63395772,27,23
80,Kampala Breathes 1,2025-06-14T08:14:07.000,0.363108628,32.63394196,27,23
81,Kampala Breathes 1,2025-06-14T08:14:08.000,0.363106241,32.63392598,27,23
82,Kampala Breathes 1,2025-06-14T08:14:09.000,0.363107514,32.63390629,27,23
83,Kampala Breathes 1,2025-06-14T08:14:10.000,0.363110393,32.63388687,29,24
84,Kampala Breathes 1,2025-06-14T08:14:11.000,0.363110375,32.6338736,29,24
85,Kampala Breathes 1,2025-06-14T08:14:12.000,0.363109224,32.63386317,27,23
86,Kampala Breathes 1,2025-06-14T08:14:13.000,0.363108407,32.63385019,27,23
87,Kampala Breathes 1,2025-06-14T08:14:14.000,0.363112191,32.63383457,27,23
88,Kampala Breathes 1,2025-06-14T08:14:15.000,0.36310624,32.63382122,27,23
89,Kampala Breathes 1,2025-06-14T08:14:16.000,0.363100628,32.63380805,32,25
90,Kampala Breathes 1,2025-06-14T08:14:17.000,0.363093705,32.6337951,29,24
91,Kampala Breathes 1,2025-06-14T08:14:18.000,0.363088163,32.63378238,29,24
92,Kampala Breathes 1,2025-06-14T08:14:19.000,0.363083132,32.63376832,32,25
93,Kampala Breathes 1,2025-06-14T08:14:20.000,0.363081047,32.63376,32,25
94,Kampala Breathes 1,2025-06-14T08:14:21.000,0.363077592,32.63374632,42,30
95,Kampala Breathes 1,2025-06-14T08:14:22.000,0.363071391,32.63373666,47,33
96,Kampala Breathes 1,2025-06-14T08:14:23.000,0.363067447,32.63372702,54,36
97,Kampala Breathes 1,2025-06-14T08:14:24.000,0.363056796,32.6337213,57,38
98,Kampala Breathes 1,2025-06-14T08:14:25.000,0.363054537,32.63370713,66,43
99,Kampala Breathes 1,2025-06-14T08:14:26.000,0.363060203,32.63368888,60,39
100,Kampala Breathes 1,2025-06-14T08:14:27.000,0.36304808,32.63366901,66,43
101,Kampala Breathes 1,2025-06-14T08:14:28.000,0.363046804,32.63364946,66,43
102,Kampala Breathes 1,2025-06-14T08:14:29.000,0.363051796,32.6336377,60,39
103,Kampala Breathes 1,2025-06-14T08:14:30.000,0.363051605,32.63363444,60,39
104,Kampala Breathes 1,2025-06-14T08:14:31.000,0.363053931,32.63362067,60,39
105,Kampala Breathes 1,2025-06-14T08:14:32.000,0.363049927,32.63360121,60,39
106,Kampala Breathes 1,2025-06-14T08:14:33.000,0.363044735,32.63358403,66,43
107,Kampala Breathes 1,2025-06-14T08:14:34.000,0.363041615,32.63356797,66,43
108,Kampala Breathes 1,2025-06-14T08:14:35.000,0.363022562,32.63356469,63,41
109,Kampala Breathes 1,2025-06-14T08:14:36.000,0.363028716,32.63354924,60,39
110,Kampala Breathes 1,2025-06-14T08:14:37.000,0.36302661,32.63353675,54,36
111,Kampala Breathes 1,2025-06-14T08:14:38.000,0.363030476,32.63352624,54,36
112,Kampala Breathes 1,2025-06-14T08:14:39.000,0.363034235,32.63351251,54,36
113,Kampala Breathes 1,2025-06-14T08:14:40.000,0.363039609,32.63348904,54,36
114,Kampala Breathes 1,2025-06-14T08:14:41.000,0.363031158,32.63346993,60,39
115,Kampala Breathes 1,2025-06-14T08:14:42.000,0.363022585,32.63345704,60,39
116,Kampala Breathes 1,2025-06-14T08:14:43.000,0.363029349,32.63344551,60,39
117,Kampala Breathes 1,2025-06-14T08:14:44.000,0.363020159,32.63344039,60,39
118,Kampala Breathes 1,2025-06-14T08:14:45.000,0.362997714,32.63344525,54,36
119,Kampala Breathes 1,2025-06-14T08:14:46.000,0.362995032,32.63344142,54,36
120,Kampala Breathes 1,2025-06-14T08:14:47.000,0.362999551,32.63344182,60,39
121,Kampala Breathes 1,2025-06-14T08:14:48.000,0.362992566,32.63341654,60,39
122,Kampala Breathes 1,2025-06-14T08:14:49.000,0.36298734,32.63340873,66,43
123,Kampala Breathes 1,2025-06-14T08:14:50.000,0.362977104,32.63339182,60,39
124,Kampala Breathes 1,2025-06-14T08:14:51.000,0.36296868,32.6333845,54,36
125,Kampala Breathes 1,2025-06-14T08:14:52.000,0.362958208,32.63337662,42,30
126,Kampala Breathes 1,2025-06-14T08:14:53.000,0.362945947,32.63336879,37,28
127,Kampala Breathes 1,2025-06-14T08:14:54.000,0.362934351,32.63335957,32,25
128,Kampala Breathes 1,2025-06-14T08:14:55.000,0.362917741,32.63335015,32,25
129,Kampala Breathes 1,2025-06-14T08:14:56.000,0.362909205,32.63333786,29,24
130,Kampala Breathes 1,2025-06-14T08:14:57.000,0.362898157,32.63332761,29,24
131,Kampala Breathes 1,2025-06-14T08:14:58.000,0.362889278,32.63331824,29,24
132,Kampala Breathes 1,2025-06-14T08:14:59.000,0.362880917,32.63331097,29,24
133,Kampala Breathes 1,2025-06-14T08:15:00.000,0.362860222,32.63331559,29,24
134,Kampala Breathes 1,2025-06-14T08:15:01.000,0.362848106,32.63333585,29,24
135,Kampala Breathes 1,2025-06-14T08:15:02.000,0.362844776,32.63335588,25,22
136,Kampala Breathes 1,2025-06-14T08:15:03.000,0.362842641,32.63337503,25,22
137,Kampala Breathes 1,2025-06-14T08:15:04.000,0.362827351,32.63338027,25,22
138,Kampala Breathes 1,2025-06-14T08:15:05.000,0.362815062,32.63338319,25,22
139,Kampala Breathes 1,2025-06-14T08:15:06.000,0.3628007,32.63339209,25,22
140,Kampala Breathes 1,2025-06-14T08:15:07.000,0.362786456,32.63339467,25,22
141,Kampala Breathes 1,2025-06-14T08:15:08.000,0.362778042,32.63340012,26,22
142,Kampala Breathes 1,2025-06-14T08:15:09.000,0.36276663,32.63340457,27,23
143,Kampala Breathes 1,2025-06-14T08:15:10.000,0.362757404,32.63341128,27,23
144,Kampala Breathes 1,2025-06-14T08:15:11.000,0.362746438,32.63341849,27,23
145,Kampala Breathes 1,2025-06-14T08:15:12.000,0.362736277,32.63342926,27,23
146,Kampala Breathes 1,2025-06-14T08:15:13.000,0.362724875,32.63343571,25,22
147,Kampala Breathes 1,2025-06-14T08:15:14.000,0.362714045,32.63344731,25,22
148,Kampala Breathes 1,2025-06-14T08:15:15.000,0.362706082,32.63345129,25,22
149,Kampala Breathes 1,2025-06-14T08:15:16.000,0.362697299,32.6334585,25,22
150,Kampala Breathes 1,2025-06-14T08:15:17.000,0.36268467,32.63346342,24,21
151,Kampala Breathes 1,2025-06-14T08:15:18.000,0.36266851,32.63346639,25,22
152,Kampala Breathes 1,2025-06-14T08:15:19.000,0.362656906,32.63347332,25,22
153,Kampala Breathes 1,2025-06-14T08:15:20.000,0.362644314,32.63347997,25,22
154,Kampala Breathes 1,2025-06-14T08:15:21.000,0.362635872,32.63349386,25,22
155,Kampala Breathes 1,2025-06-14T08:15:22.000,0.362627764,32.63350688,27,23
156,Kampala Breathes 1,2025-06-14T08:15:23.000,0.362621109,32.63351485,25,22
157,Kampala Breathes 1,2025-06-14T08:15:24.000,0.362608424,32.63351808,25,22
158,Kampala Breathes 1,2025-06-14T08:15:25.000,0.362589669,32.63352059,25,22
159,Kampala Breathes 1,2025-06-14T08:15:26.000,0.36257675,32.63352397,27,23
160,Kampala Breathes 1,2025-06-14T08:15:27.000,0.362568058,32.63353648,27,23
161,Kampala Breathes 1,2025-06-14T08:15:28.000,0.362559274,32.63355311,27,23
162,Kampala Breathes 1,2025-06-14T08:15:29.000,0.362548376,32.63356137,29,24
163,Kampala Breathes 1,2025-06-14T08:15:30.000,0.362530883,32.63356018,29,24
164,Kampala Breathes 1,2025-06-14T08:15:31.000,0.362520207,32.63356234,29,24
165,Kampala Breathes 1,2025-06-14T08:15:32.000,0.36251257,32.63357488,29,24
166,Kampala Breathes 1,2025-06-14T08:15:33.000,0.362504568,32.63358616,27,23
167,Kampala Breathes 1,2025-06-14T08:15:34.000,0.362497719,32.63359332,27,23
168,Kampala Breathes 1,2025-06-14T08:15:35.000,0.362492346,32.63360541,27,23
169,Kampala Breathes 1,2025-06-14T08:15:36.000,0.362484265,32.63361511,29,24
170,Kampala Breathes 1,2025-06-14T08:15:37.000,0.362476621,32.6336254,29,24
171,Kampala Breathes 1,2025-06-14T08:15:38.000,0.362471546,32.63363575,29,24
172,Kampala Breathes 1,2025-06-14T08:15:39.000,0.36246534,32.6336487,29,24
173,Kampala Breathes 1,2025-06-14T08:15:40.000,0.36245755,32.63365837,26,22
174,Kampala Breathes 1,2025-06-14T08:15:41.000,0.362450239,32.63367053,25,22
175,Kampala Breathes 1,2025-06-14T08:15:42.000,0.362438746,32.63367619,25,22
176,Kampala Breathes 1,2025-06-14T08:15:43.000,0.362429757,32.63368828,25,22
177,Kampala Breathes 1,2025-06-14T08:15:44.000,0.362426181,32.63370399,27,23
178,Kampala Breathes 1,2025-06-14T08:15:45.000,0.362417064,32.63371088,27,23
179,Kampala Breathes 1,2025-06-14T08:15:46.000,0.362415882,32.63372385,27,23
180,Kampala Breathes 1,2025-06-14T08:15:47.000,0.362414959,32.633742,27,23
181,Kampala Breathes 1,2025-06-14T08:15:48.000,0.362404994,32.63375055,27,23
182,Kampala Breathes 1,2025-06-14T08:15:49.000,0.362386361,32.63375282,27,23
183,Kampala Breathes 1,2025-06-14T08:15:50.000,0.362370319,32.63375343,29,24
184,Kampala Breathes 1,2025-06-14T08:15:51.000,0.362358196,32.6337567,29,24
185,Kampala Breathes 1,2025-06-14T08:15:52.000,0.362347563,32.6337584,32,25
186,Kampala Breathes 1,2025-06-14T08:15:53.000,0.362339931,32.63376846,32,25
187,Kampala Breathes 1,2025-06-14T08:15:54.000,0.362331491,32.63377819,32,25
188,Kampala Breathes 1,2025-06-14T08:15:55.000,0.362319015,32.63378445,30,25
189,Kampala Breathes 1,2025-06-14T08:15:56.000,0.362309151,32.63379182,29,24
190,Kampala Breathes 1,2025-06-14T08:15:57.000,0.36229719,32.63380065,32,25
191,Kampala Breathes 1,2025-06-14T08:15:58.000,0.362289492,32.63381367,32,25
192,Kampala Breathes 1,2025-06-14T08:15:59.000,0.362277797,32.63382141,29,24
193,Kampala Breathes 1,2025-06-14T08:16:00.000,0.362267915,32.63383163,29,24
194,Kampala Breathes 1,2025-06-14T08:16:01.000,0.362257746,32.633837,29,24
195,Kampala Breathes 1,2025-06-14T08:16:02.000,0.362251618,32.63384929,29,24
196,Kampala Breathes 1,2025-06-14T08:16:03.000,0.362242274,32.63385925,27,23
197,Kampala Breathes 1,2025-06-14T08:16:04.000,0.362231352,32.63386873,28,24
198,Kampala Breathes 1,2025-06-14T08:16:05.000,0.362222923,32.63388312,27,23
199,Kampala Breathes 1,2025-06-14T08:16:06.000,0.362205708,32.63388034,27,23
200,Kampala Breathes 1,2025-06-14T08:16:07.000,0.362195484,32.63389258,27,23
201,Kampala Breathes 1,2025-06-14T08:16:08.000,0.362183739,32.63389915,27,23
202,Kampala Breathes 1,2025-06-14T08:16:09.000,0.362172254,32.63390812,27,23
203,Kampala Breathes 1,2025-06-14T08:16:10.000,0.362163021,32.63392065,27,23
204,Kampala Breathes 1,2025-06-14T08:16:11.000,0.362154914,32.63393372,25,22
205,Kampala Breathes 1,2025-06-14T08:16:12.000,0.362140442,32.63393499,27,23
206,Kampala Breathes 1,2025-06-14T08:16:13.000,0.362137515,32.63394568,27,23
207,Kampala Breathes 1,2025-06-14T08:16:14.000,0.362132136,32.63395618,27,23
208,Kampala Breathes 1,2025-06-14T08:16:15.000,0.362122486,32.63396924,27,23
209,Kampala Breathes 1,2025-06-14T08:16:16.000,0.362114762,32.6339798,27,23
210,Kampala Breathes 1,2025-06-14T08:16:17.000,0.362099348,32.63398167,27,23
211,Kampala Breathes 1,2025-06-14T08:16:18.000,0.362088306,32.63399574,27,23
212,Kampala Breathes 1,2025-06-14T08:16:19.000,0.362078312,32.63400508,27,23
213,Kampala Breathes 1,2025-06-14T08:16:20.000,0.36207016,32.63401344,25,22
214,Kampala Breathes 1,2025-06-14T08:16:21.000,0.362056617,32.63401176,27,23
215,Kampala Breathes 1,2025-06-14T08:16:22.000,0.362044977,32.63402776,27,23
216,Kampala Breathes 1,2025-06-14T08:16:23.000,0.362037574,32.63403917,29,24
217,Kampala Breathes 1,2025-06-14T08:16:24.000,0.362026387,32.63405068,29,24
218,Kampala Breathes 1,2025-06-14T08:16:25.000,0.362015456,32.63405355,29,24
219,Kampala Breathes 1,2025-06-14T08:16:26.000,0.362003666,32.6340633,29,24
220,Kampala Breathes 1,2025-06-14T08:16:27.000,0.36199274,32.63407384,29,24
221,Kampala Breathes 1,2025-06-14T08:16:28.000,0.361987178,32.63408749,29,24
222,Kampala Breathes 1,2025-06-14T08:16:29.000,0.361982743,32.63409684,32,25
223,Kampala Breathes 1,2025-06-14T08:16:30.000,0.361976594,32.6341086,32,25
224,Kampala Breathes 1,2025-06-14T08:16:31.000,0.361963806,32.6341197,32,25
225,Kampala Breathes 1,2025-06-14T08:16:32.000,0.361952133,32.63412391,29,24
226,Kampala Breathes 1,2025-06-14T08:16:33.000,0.361941613,32.63413061,32,25
227,Kampala Breathes 1,2025-06-14T08:16:34.000,0.36193282,32.63414241,32,25
228,Kampala Breathes 1,2025-06-14T08:16:35.000,0.361929,32.63416338,29,24
229,Kampala Breathes 1,2025-06-14T08:16:36.000,0.361911294,32.63417427,29,24
230,Kampala Breathes 1,2025-06-14T08:16:37.000,0.361905961,32.63418903,29,24
231,Kampala Breathes 1,2025-06-14T08:16:38.000,0.361897411,32.63420485,29,24
232,Kampala Breathes 1,2025-06-14T08:16:39.000,0.361883423,32.63420983,29,24
233,Kampala Breathes 1,2025-06-14T08:16:40.000,0.361875224,32.63422326,27,23
234,Kampala Breathes 1,2025-06-14T08:16:41.000,0.361855984,32.63422587,27,23
235,Kampala Breathes 1,2025-06-14T08:16:42.000,0.361848233,32.6342406,29,24
236,Kampala Breathes 1,2025-06-14T08:16:43.000,0.361845411,32.63425651,29,24
237,Kampala Breathes 1,2025-06-14T08:16:44.000,0.361839567,32.63426945,29,24
238,Kampala Breathes 1,2025-06-14T08:16:45.000,0.361831447,32.63427973,29,24
239,Kampala Breathes 1,2025-06-14T08:16:46.000,0.361813348,32.63427984,32,25
240,Kampala Breathes 1,2025-06-14T08:16:47.000,0.361802002,32.63429123,37,28
241,Kampala Breathes 1,2025-06-14T08:16:48.000,0.361797124,32.63430414,37,28
242,Kampala Breathes 1,2025-06-14T08:16:49.000,0.361790027,32.63431642,37,28
243,Kampala Breathes 1,2025-06-14T08:16:50.000,0.36178868,32.63433294,37,28
244,Kampala Breathes 1,2025-06-14T08:16:51.000,0.361779208,32.63434418,42,30
245,Kampala Breathes 1,2025-06-14T08:16:52.000,0.36177426,32.63435558,42,30
246,Kampala Breathes 1,2025-06-14T08:16:53.000,0.361763396,32.63436716,42,30
247,Kampala Breathes 1,2025-06-14T08:16:54.000,0.361752086,32.63437529,47,33
248,Kampala Breathes 1,2025-06-14T08:16:55.000,0.361744108,32.63438632,54,36
249,Kampala Breathes 1,2025-06-14T08:16:56.000,0.361732489,32.63439185,54,36
250,Kampala Breathes 1,2025-06-14T08:16:57.000,0.36173626,32.63440539,54,36
251,Kampala Breathes 1,2025-06-14T08:16:58.000,0.361740579,32.6344185,60,39
252,Kampala Breathes 1,2025-06-14T08:16:59.000,0.361730728,32.63443275,60,39
253,Kampala Breathes 1,2025-06-14T08:17:00.000,0.361714746,32.63444174,60,39
254,Kampala Breathes 1,2025-06-14T08:17:01.000,0.36169881,32.63445145,54,36
255,Kampala Breathes 1,2025-06-14T08:17:02.000,0.361692052,32.63446078,60,39
256,Kampala Breathes 1,2025-06-14T08:17:03.000,0.361688835,32.63447382,60,39
257,Kampala Breathes 1,2025-06-14T08:17:04.000,0.361685104,32.63448584,60,39
258,Kampala Breathes 1,2025-06-14T08:17:05.000,0.361674285,32.6344982,66,43
259,Kampala Breathes 1,2025-06-14T08:17:06.000,0.361669981,32.63451011,66,43
260,Kampala Breathes 1,2025-06-14T08:17:07.000,0.36166458,32.63452181,60,39
261,Kampala Breathes 1,2025-06-14T08:17:08.000,0.361656827,32.63453194,54,36
262,Kampala Breathes 1,2025-06-14T08:17:09.000,0.361651891,32.63454539,54,36
263,Kampala Breathes 1,2025-06-14T08:17:10.000,0.361645813,32.63455731,54,36
264,Kampala Breathes 1,2025-06-14T08:17:11.000,0.361640585,32.63456867,47,33
265,Kampala Breathes 1,2025-06-14T08:17:12.000,0.361632757,32.63458091,47,33
266,Kampala Breathes 1,2025-06-14T08:17:13.000,0.361621176,32.63458811,50,35
267,Kampala Breathes 1,2025-06-14T08:17:14.000,0.361614182,32.63459734,47,33
268,Kampala Breathes 1,2025-06-14T08:17:15.000,0.36160901,32.63460965,47,33
269,Kampala Breathes 1,2025-06-14T08:17:16.000,0.361608541,32.63462462,42,30
270,Kampala Breathes 1,2025-06-14T08:17:17.000,0.361609276,32.6346409,42,30
271,Kampala Breathes 1,2025-06-14T08:17:18.000,0.361600455,32.63465087,47,33
272,Kampala Breathes 1,2025-06-14T08:17:19.000,0.361595125,32.63466597,47,33
273,Kampala Breathes 1,2025-06-14T08:17:20.000,0.361584755,32.63467236,54,36
274,Kampala Breathes 1,2025-06-14T08:17:21.000,0.361574689,32.63468058,54,36
275,Kampala Breathes 1,2025-06-14T08:17:22.000,0.361565561,32.63468989,47,33
276,Kampala Breathes 1,2025-06-14T08:17:23.000,0.361557565,32.63469745,60,39
277,Kampala Breathes 1,2025-06-14T08:17:24.000,0.361554942,32.63470972,60,39
278,Kampala Breathes 1,2025-06-14T08:17:25.000,0.361554033,32.63472053,60,39
279,Kampala Breathes 1,2025-06-14T08:17:26.000,0.361545941,32.63472959,60,39
280,Kampala Breathes 1,2025-06-14T08:17:27.000,0.361542916,32.63474384,66,43
281,Kampala Breathes 1,2025-06-14T08:17:28.000,0.361542748,32.63475503,79,49
282,Kampala Breathes 1,2025-06-14T08:17:29.000,0.361538217,32.6347683,91,55
283,Kampala Breathes 1,2025-06-14T08:17:30.000,0.361531985,32.63478016,98,58
284,Kampala Breathes 1,2025-06-14T08:17:31.000,0.361527519,32.6347924,98,58
285,Kampala Breathes 1,2025-06-14T08:17:32.000,0.361523488,32.63480644,110,65
286,Kampala Breathes 1,2025-06-14T08:17:33.000,0.36151598,32.63481834,129,74
287,Kampala Breathes 1,2025-06-14T08:17:34.000,0.361511606,32.63483304,141,80
288,Kampala Breathes 1,2025-06-14T08:17:35.000,0.361505385,32.63484501,153,86
289,Kampala Breathes 1,2025-06-14T08:17:36.000,0.361498037,32.63485787,160,90
290,Kampala Breathes 1,2025-06-14T08:17:37.000,0.361491536,32.63487089,157,88
291,Kampala Breathes 1,2025-06-14T08:17:38.000,0.361477639,32.63487815,157,88
292,Kampala Breathes 1,2025-06-14T08:17:39.000,0.361472429,32.63489054,157,88
293,Kampala Breathes 1,2025-06-14T08:17:40.000,0.361465701,32.63490019,150,84
294,Kampala Breathes 1,2025-06-14T08:17:41.000,0.361464956,32.63491588,146,83
295,Kampala Breathes 1,2025-06-14T08:17:42.000,0.361459349,32.63492755,143,81
296,Kampala Breathes 1,2025-06-14T08:17:43.000,0.361451398,32.63493641,139,79
297,Kampala Breathes 1,2025-06-14T08:17:44.000,0.361443757,32.63494482,133,76
298,Kampala Breathes 1,2025-06-14T08:17:45.000,0.361434384,32.63495444,133,76
299,Kampala Breathes 1,2025-06-14T08:17:46.000,0.361435656,32.63496938,133,76
300,Kampala Breathes 1,2025-06-14T08:17:47.000,0.361428451,32.63498053,129,74
301,Kampala Breathes 1,2025-06-14T08:17:48.000,0.361423328,32.63499005,117,68
302,Kampala Breathes 1,2025-06-14T08:17:49.000,0.361416603,32.63500088,117,68
303,Kampala Breathes 1,2025-06-14T08:17:50.000,0.361412774,32.63501465,110,65
304,Kampala Breathes 1,2025-06-14T08:17:51.000,0.361410211,32.63502633,110,65
305,Kampala Breathes 1,2025-06-14T08:17:52.000,0.361404637,32.63503609,104,62
306,Kampala Breathes 1,2025-06-14T08:17:53.000,0.361400857,32.63504727,104,62
307,Kampala Breathes 1,2025-06-14T08:17:54.000,0.361393143,32.63505707,98,58
308,Kampala Breathes 1,2025-06-14T08:17:55.000,0.361381068,32.63506402,98,58
309,Kampala Breathes 1,2025-06-14T08:17:56.000,0.361376823,32.6350756,91,55
310,Kampala Breathes 1,2025-06-14T08:17:57.000,0.361371659,32.63508436,91,55
311,Kampala Breathes 1,2025-06-14T08:17:58.000,0.361369991,32.63509774,85,52
312,Kampala Breathes 1,2025-06-14T08:17:59.000,0.36136355,32.63511101,85,52
313,Kampala Breathes 1,2025-06-14T08:18:00.000,0.361358693,32.63512333,73,46
314,Kampala Breathes 1,2025-06-14T08:18:01.000,0.361353077,32.6351348,69,44
315,Kampala Breathes 1,2025-06-14T08:18:02.000,0.361347828,32.63514862,66,43
316,Kampala Breathes 1,2025-06-14T08:18:03.000,0.361340274,32.63516225,66,43
317,Kampala Breathes 1,2025-06-14T08:18:04.000,0.361338561,32.63517857,60,39
318,Kampala Breathes 1,2025-06-14T08:18:05.000,0.361333886,32.63519065,60,39
319,Kampala Breathes 1,2025-06-14T08:18:06.000,0.361331801,32.6351989,54,36
320,Kampala Breathes 1,2025-06-14T08:18:07.000,0.361330627,32.63521091,54,36
321,Kampala Breathes 1,2025-06-14T08:18:08.000,0.361325168,32.63521929,60,39
322,Kampala Breathes 1,2025-06-14T08:18:09.000,0.361320541,32.63523043,60,39
323,Kampala Breathes 1,2025-06-14T08:18:10.000,0.361318085,32.63524492,66,43
324,Kampala Breathes 1,2025-06-14T08:18:11.000,0.361319212,32.63526009,66,43
325,Kampala Breathes 1,2025-06-14T08:18:12.000,0.361313662,32.63527153,66,43
326,Kampala Breathes 1,2025-06-14T08:18:13.000,0.361312132,32.63528528,66,43
327,Kampala Breathes 1,2025-06-14T08:18:14.000,0.361309204,32.635296,66,43
328,Kampala Breathes 1,2025-06-14T08:18:15.000,0.361305523,32.63531045,66,43
329,Kampala Breathes 1,2025-06-14T08:18:16.000,0.361297162,32.63532458,60,39
330,Kampala Breathes 1,2025-06-14T08:18:17.000,0.361292918,32.6353341,60,39
331,Kampala Breathes 1,2025-06-14T08:18:18.000,0.361296056,32.63534822,54,36
332,Kampala Breathes 1,2025-06-14T08:18:19.000,0.361293012,32.635363,60,39
333,Kampala Breathes 1,2025-06-14T08:18:20.000,0.361287651,32.63537662,57,38
334,Kampala Breathes 1,2025-06-14T08:18:21.000,0.361284315,32.63538722,54,36
335,Kampala Breathes 1,2025-06-14T08:18:22.000,0.361277718,32.6354011,54,36
336,Kampala Breathes 1,2025-06-14T08:18:23.000,0.361277229,32.63541287,60,39
337,Kampala Breathes 1,2025-06-14T08:18:24.000,0.361272663,32.63542163,60,39
338,Kampala Breathes 1,2025-06-14T08:18:25.000,0.361262516,32.63542378,60,39
339,Kampala Breathes 1,2025-06-14T08:18:26.000,0.361261999,32.63542895,60,39
340,Kampala Breathes 1,2025-06-14T08:18:27.000,0.361261987,32.63545431,60,39
341,Kampala Breathes 1,2025-06-14T08:18:28.000,0.361263594,32.63547012,54,36
342,Kampala Breathes 1,2025-06-14T08:18:29.000,0.361261607,32.63548553,60,39
343,Kampala Breathes 1,2025-06-14T08:18:30.000,0.361257789,32.63549929,63,41
344,Kampala Breathes 1,2025-06-14T08:18:31.000,0.361253235,32.63551416,66,43
345,Kampala Breathes 1,2025-06-14T08:18:32.000,0.361249204,32.63552822,66,43
346,Kampala Breathes 1,2025-06-14T08:18:33.000,0.36124893,32.63554066,66,43
347,Kampala Breathes 1,2025-06-14T08:18:34.000,0.361243314,32.6355555,66,43
348,Kampala Breathes 1,2025-06-14T08:18:35.000,0.361242364,32.63557245,66,43
349,Kampala Breathes 1,2025-06-14T08:18:36.000,0.361240151,32.6355845,66,43
350,Kampala Breathes 1,2025-06-14T08:18:37.000,0.361239244,32.63559463,73,46
351,Kampala Breathes 1,2025-06-14T08:18:38.000,0.361237624,32.63560477,73,46
352,Kampala Breathes 1,2025-06-14T08:18:39.000,0.361235921,32.63561902,66,43
353,Kampala Breathes 1,2025-06-14T08:18:40.000,0.361235091,32.63563612,66,43
354,Kampala Breathes 1,2025-06-14T08:18:41.000,0.361234676,32.63564507,66,43
355,Kampala Breathes 1,2025-06-14T08:18:42.000,0.361234163,32.63565529,66,43
356,Kampala Breathes 1,2025-06-14T08:18:43.000,0.361232551,32.63567455,66,43
357,Kampala Breathes 1,2025-06-14T08:18:44.000,0.361230002,32.63568271,66,43
358,Kampala Breathes 1,2025-06-14T08:18:45.000,0.361230837,32.635696,66,43
359,Kampala Breathes 1,2025-06-14T08:18:46.000,0.36123071,32.63570849,60,39
360,Kampala Breathes 1,2025-06-14T08:18:47.000,0.361233284,32.63571921,54,36
361,Kampala Breathes 1,2025-06-14T08:18:48.000,0.361229259,32.63573036,54,36
362,Kampala Breathes 1,2025-06-14T08:18:49.000,0.361230346,32.63574252,54,36
363,Kampala Breathes 1,2025-06-14T08:18:50.000,0.361228048,32.63575466,54,36
364,Kampala Breathes 1,2025-06-14T08:18:51.000,0.361225742,32.63576776,54,36
365,Kampala Breathes 1,2025-06-14T08:18:52.000,0.361226948,32.63578472,47,33
366,Kampala Breathes 1,2025-06-14T08:18:53.000,0.361226965,32.63579889,47,33
367,Kampala Breathes 1,2025-06-14T08:18:54.000,0.361219073,32.63581002,47,33
368,Kampala Breathes 1,2025-06-14T08:18:55.000,0.361221368,32.63582715,54,36
369,Kampala Breathes 1,2025-06-14T08:18:56.000,0.361224246,32.6358392,54,36
370,Kampala Breathes 1,2025-06-14T08:18:57.000,0.361218226,32.63586035,47,33
371,Kampala Breathes 1,2025-06-14T08:18:58.000,0.361213367,32.635867,47,33
372,Kampala Breathes 1,2025-06-14T08:18:59.000,0.361213368,32.63588198,47,33
373,Kampala Breathes 1,2025-06-14T08:19:00.000,0.361212242,32.63589696,47,33
374,Kampala Breathes 1,2025-06-14T08:19:01.000,0.361210121,32.63590629,42,30
375,Kampala Breathes 1,2025-06-14T08:19:02.000,0.361211096,32.6359209,42,30
376,Kampala Breathes 1,2025-06-14T08:19:03.000,0.361213222,32.63593391,47,33
377,Kampala Breathes 1,2025-06-14T08:19:04.000,0.361215256,32.63594719,42,30
378,Kampala Breathes 1,2025-06-14T08:19:05.000,0.361215007,32.63595797,42,30
379,Kampala Breathes 1,2025-06-14T08:19:06.000,0.361212535,32.63596833,47,33
380,Kampala Breathes 1,2025-06-14T08:19:07.000,0.361210894,32.63598064,47,33
381,Kampala Breathes 1,2025-06-14T08:19:08.000,0.361211592,32.63599382,42,30
382,Kampala Breathes 1,2025-06-14T08:19:09.000,0.3612107,32.63600639,42,30
383,Kampala Breathes 1,2025-06-14T08:19:10.000,0.36121388,32.63602326,42,30
384,Kampala Breathes 1,2025-06-14T08:19:11.000,0.361217525,32.63603633,42,30
385,Kampala Breathes 1,2025-06-14T08:19:12.000,0.361217089,32.63605253,42,30
386,Kampala Breathes 1,2025-06-14T08:19:13.000,0.361215335,32.63607621,42,30
387,Kampala Breathes 1,2025-06-14T08:19:14.000,0.361212968,32.63609132,42,30
388,Kampala Breathes 1,2025-06-14T08:19:15.000,0.361208196,32.63610342,42,30
389,Kampala Breathes 1,2025-06-14T08:19:16.000,0.361207476,32.63611675,42,30
390,Kampala Breathes 1,2025-06-14T08:19:17.000,0.361204979,32.6361306,37,28
391,Kampala Breathes 1,2025-06-14T08:19:18.000,0.361207042,32.63614455,42,30
392,Kampala Breathes 1,2025-06-14T08:19:19.000,0.361206963,32.6361571,45,32
393,Kampala Breathes 1,2025-06-14T08:19:20.000,0.361207435,32.63617257,47,33
394,Kampala Breathes 1,2025-06-14T08:19:21.000,0.361208268,32.63619005,47,33
395,Kampala Breathes 1,2025-06-14T08:19:22.000,0.361210372,32.63620845,47,33
396,Kampala Breathes 1,2025-06-14T08:19:23.000,0.361208043,32.63622728,47,33
397,Kampala Breathes 1,2025-06-14T08:19:24.000,0.361216913,32.63624268,54,36
398,Kampala Breathes 1,2025-06-14T08:19:25.000,0.361213979,32.6362591,54,36
399,Kampala Breathes 1,2025-06-14T08:19:26.000,0.361215786,32.6362763,54,36
400,Kampala Breathes 1,2025-06-14T08:19:27.000,0.361215236,32.63629193,54,36
401,Kampala Breathes 1,2025-06-14T08:19:28.000,0.361208358,32.63630371,54,36
402,Kampala Breathes 1,2025-06-14T08:19:29.000,0.361207232,32.6363178,60,39
403,Kampala Breathes 1,2025-06-14T08:19:30.000,0.361200619,32.636332,66,43
404,Kampala Breathes 1,2025-06-14T08:19:31.000,0.361201244,32.6363472,66,43
405,Kampala Breathes 1,2025-06-14T08:19:32.000,0.361200959,32.6363605,66,43
406,Kampala Breathes 1,2025-06-14T08:19:33.000,0.361202985,32.63637796,66,43
407,Kampala Breathes 1,2025-06-14T08:19:34.000,0.36120871,32.63639356,66,43
408,Kampala Breathes 1,2025-06-14T08:19:35.000,0.361210474,32.63640712,73,46
409,Kampala Breathes 1,2025-06-14T08:19:36.000,0.361211324,32.63642196,79,49
410,Kampala Breathes 1,2025-06-14T08:19:37.000,0.361207723,32.63643776,79,49
411,Kampala Breathes 1,2025-06-14T08:19:38.000,0.361207887,32.63645087,85,52
412,Kampala Breathes 1,2025-06-14T08:19:39.000,0.361206428,32.63646965,85,52
413,Kampala Breathes 1,2025-06-14T08:19:40.000,0.361202955,32.63648368,85,52
414,Kampala Breathes 1,2025-06-14T08:19:41.000,0.361204819,32.63649754,85,52
415,Kampala Breathes 1,2025-06-14T08:19:42.000,0.361203651,32.63651482,91,55
416,Kampala Breathes 1,2025-06-14T08:19:43.000,0.361206537,32.63653312,91,55
417,Kampala Breathes 1,2025-06-14T08:19:44.000,0.361212198,32.63654852,91,55
418,Kampala Breathes 1,2025-06-14T08:19:45.000,0.3612107,32.63656449,91,55
419,Kampala Breathes 1,2025-06-14T08:19:46.000,0.361211952,32.63657982,91,55
420,Kampala Breathes 1,2025-06-14T08:19:47.000,0.361216474,32.63659286,91,55
421,Kampala Breathes 1,2025-06-14T08:19:48.000,0.36121965,32.63660646,91,55
422,Kampala Breathes 1,2025-06-14T08:19:49.000,0.361220153,32.63662312,98,58
423,Kampala Breathes 1,2025-06-14T08:19:50.000,0.361225162,32.6366342,98,58
424,Kampala Breathes 1,2025-06-14T08:19:51.000,0.36122332,32.63664963,98,58
425,Kampala Breathes 1,2025-06-14T08:19:52.000,0.361224099,32.63666658,98,58
426,Kampala Breathes 1,2025-06-14T08:19:53.000,0.361223193,32.63668065,98,58
427,Kampala Breathes 1,2025-06-14T08:19:54.000,0.361229787,32.6366935,98,58
428,Kampala Breathes 1,2025-06-14T08:19:55.000,0.361234623,32.63670598,91,55
429,Kampala Breathes 1,2025-06-14T08:19:56.000,0.361236616,32.63671954,91,55
430,Kampala Breathes 1,2025-06-14T08:19:57.000,0.361236238,32.63673553,88,54
431,Kampala Breathes 1,2025-06-14T08:19:58.000,0.361242312,32.63674851,85,52
432,Kampala Breathes 1,2025-06-14T08:19:59.000,0.361243944,32.63676205,85,52
433,Kampala Breathes 1,2025-06-14T08:20:00.000,0.361235257,32.63677472,85,52
434,Kampala Breathes 1,2025-06-14T08:20:01.000,0.361238119,32.63678848,79,49
435,Kampala Breathes 1,2025-06-14T08:20:02.000,0.361246531,32.63680657,79,49
436,Kampala Breathes 1,2025-06-14T08:20:03.000,0.361247463,32.63682366,85,52
437,Kampala Breathes 1,2025-06-14T08:20:04.000,0.361256351,32.63683686,85,52
438,Kampala Breathes 1,2025-06-14T08:20:05.000,0.36125948,32.63685118,85,52
439,Kampala Breathes 1,2025-06-14T08:20:06.000,0.361256702,32.63686653,79,49
440,Kampala Breathes 1,2025-06-14T08:20:07.000,0.361254199,32.6368785,73,46
441,Kampala Breathes 1,2025-06-14T08:20:08.000,0.36125782,32.63689455,76,47
442,Kampala Breathes 1,2025-06-14T08:20:09.000,0.361265369,32.63690601,85,52
443,Kampala Breathes 1,2025-06-14T08:20:10.000,0.361263753,32.63691681,85,52
444,Kampala Breathes 1,2025-06-14T08:20:11.000,0.361267424,32.63692928,85,52
445,Kampala Breathes 1,2025-06-14T08:20:12.000,0.361269995,32.63694245,79,49
446,Kampala Breathes 1,2025-06-14T08:20:13.000,0.361271175,32.63695383,73,46
447,Kampala Breathes 1,2025-06-14T08:20:14.000,0.361272042,32.63697093,73,46
448,Kampala Breathes 1,2025-06-14T08:20:15.000,0.361276784,32.63698356,79,49
449,Kampala Breathes 1,2025-06-14T08:20:16.000,0.361276907,32.63699528,85,52
450,Kampala Breathes 1,2025-06-14T08:20:17.000,0.361273123,32.63700403,85,52
451,Kampala Breathes 1,2025-06-14T08:20:18.000,0.361270121,32.63701276,85,52
452,Kampala Breathes 1,2025-06-14T08:20:19.000,0.361275818,32.63702213,85,52
453,Kampala Breathes 1,2025-06-14T08:20:20.000,0.361280839,32.63703321,98,58
454,Kampala Breathes 1,2025-06-14T08:20:21.000,0.361287413,32.6370442,98,58
455,Kampala Breathes 1,2025-06-14T08:20:22.000,0.361294726,32.63705518,104,62
456,Kampala Breathes 1,2025-06-14T08:20:23.000,0.361299207,32.63707168,104,62
457,Kampala Breathes 1,2025-06-14T08:20:24.000,0.361297695,32.63709036,104,62
458,Kampala Breathes 1,2025-06-14T08:20:25.000,0.361315245,32.63710899,104,62
459,Kampala Breathes 1,2025-06-14T08:20:26.000,0.361323976,32.63712585,104,62
460,Kampala Breathes 1,2025-06-14T08:20:27.000,0.361318992,32.63714748,104,62
461,Kampala Breathes 1,2025-06-14T08:20:28.000,0.361321324,32.63716616,107,63
462,Kampala Breathes 1,2025-06-14T08:20:29.000,0.361330338,32.63718217,110,65
463,Kampala Breathes 1,2025-06-14T08:20:30.000,0.361335464,32.63719807,110,65
464,Kampala Breathes 1,2025-06-14T08:20:31.000,0.361338285,32.63721125,110,65
465,Kampala Breathes 1,2025-06-14T08:20:32.000,0.361342621,32.63722772,110,65
466,Kampala Breathes 1,2025-06-14T08:20:33.000,0.361340167,32.63724301,117,68
467,Kampala Breathes 1,2025-06-14T08:20:34.000,0.361344844,32.63725248,123,71
468,Kampala Breathes 1,2025-06-14T08:20:35.000,0.361349376,32.63726829,123,71
469,Kampala Breathes 1,2025-06-14T08:20:36.000,0.36135095,32.63728173,117,68
470,Kampala Breathes 1,2025-06-14T08:20:37.000,0.361354496,32.63730172,117,68
471,Kampala Breathes 1,2025-06-14T08:20:38.000,0.361355068,32.63731604,117,68
472,Kampala Breathes 1,2025-06-14T08:20:39.000,0.361356841,32.63733139,117,68
473,Kampala Breathes 1,2025-06-14T08:20:40.000,0.361375308,32.63734302,110,65
474,Kampala Breathes 1,2025-06-14T08:20:41.000,0.361377459,32.6373576,110,65
475,Kampala Breathes 1,2025-06-14T08:20:42.000,0.361379671,32.63737134,117,68
476,Kampala Breathes 1,2025-06-14T08:20:43.000,0.361382191,32.63738675,117,68
477,Kampala Breathes 1,2025-06-14T08:20:44.000,0.361388201,32.63740128,110,65
478,Kampala Breathes 1,2025-06-14T08:20:45.000,0.361391196,32.63741655,107,63
479,Kampala Breathes 1,2025-06-14T08:20:46.000,0.361395706,32.63743249,110,65
480,Kampala Breathes 1,2025-06-14T08:20:47.000,0.361396433,32.63744948,98,58
481,Kampala Breathes 1,2025-06-14T08:20:48.000,0.361397669,32.63746239,98,58
482,Kampala Breathes 1,2025-06-14T08:20:49.000,0.361405859,32.63747294,104,62
483,Kampala Breathes 1,2025-06-14T08:20:50.000,0.361410737,32.63748597,104,62
484,Kampala Breathes 1,2025-06-14T08:20:51.000,0.361414648,32.63749773,110,65
485,Kampala Breathes 1,2025-06-14T08:20:52.000,0.361423229,32.63750844,110,65
486,Kampala Breathes 1,2025-06-14T08:20:53.000,0.361434085,32.63751993,117,68
487,Kampala Breathes 1,2025-06-14T08:20:54.000,0.361436252,32.63753357,117,68
488,Kampala Breathes 1,2025-06-14T08:20:55.000,0.361434232,32.63755122,117,68
489,Kampala Breathes 1,2025-06-14T08:20:56.000,0.361436817,32.63756631,110,65
490,Kampala Breathes 1,2025-06-14T08:20:57.000,0.361442032,32.63757937,104,62
491,Kampala Breathes 1,2025-06-14T08:20:58.000,0.361455528,32.63759129,104,62
492,Kampala Breathes 1,2025-06-14T08:20:59.000,0.361461409,32.63760383,104,62
493,Kampala Breathes 1,2025-06-14T08:21:00.000,0.361464529,32.637617,104,62
494,Kampala Breathes 1,2025-06-14T08:21:01.000,0.361469618,32.63763042,104,62
495,Kampala Breathes 1,2025-06-14T08:21:02.000,0.361474636,32.63764598,104,62
496,Kampala Breathes 1,2025-06-14T08:21:03.000,0.361482041,32.6376613,91,55
497,Kampala Breathes 1,2025-06-14T08:21:04.000,0.361488267,32.63767507,85,52
498,Kampala Breathes 1,2025-06-14T08:21:05.000,0.36150574,32.63768417,85,52
499,Kampala Breathes 1,2025-06-14T08:21:06.000,0.361511401,32.6377047,79,49
500,Kampala Breathes 1,2025-06-14T08:21:07.000,0.361519937,32.63772711,79,49
501,Kampala Breathes 1,2025-06-14T08:21:08.000,0.361524288,32.63774866,73,46
502,Kampala Breathes 1,2025-06-14T08:21:09.000,0.361535139,32.6377662,73,46
503,Kampala Breathes 1,2025-06-14T08:21:10.000,0.361543075,32.63778535,73,46
504,Kampala Breathes 1,2025-06-14T08:21:11.000,0.361555697,32.63780056,79,49
505,Kampala Breathes 1,2025-06-14T08:21:12.000,0.361566886,32.63781527,79,49
506,Kampala Breathes 1,2025-06-14T08:21:13.000,0.361573563,32.63782915,85,52
507,Kampala Breathes 1,2025-06-14T08:21:14.000,0.361577877,32.63784213,85,52
508,Kampala Breathes 1,2025-06-14T08:21:15.000,0.361589924,32.63785093,85,52
509,Kampala Breathes 1,2025-06-14T08:21:16.000,0.361593512,32.63786962,85,52
510,Kampala Breathes 1,2025-06-14T08:21:17.000,0.361609512,32.63788076,79,49
511,Kampala Breathes 1,2025-06-14T08:21:18.000,0.361614729,32.63789943,85,52
512,Kampala Breathes 1,2025-06-14T08:21:19.000,0.361618075,32.63791108,85,52
513,Kampala Breathes 1,2025-06-14T08:21:20.000,0.361623552,32.63792411,85,52
514,Kampala Breathes 1,2025-06-14T08:21:21.000,0.361625941,32.63793339,91,55
515,Kampala Breathes 1,2025-06-14T08:21:22.000,0.361639064,32.63794464,91,55
516,Kampala Breathes 1,2025-06-14T08:21:23.000,0.361643516,32.63796068,91,55
517,Kampala Breathes 1,2025-06-14T08:21:24.000,0.361649502,32.63797563,91,55
518,Kampala Breathes 1,2025-06-14T08:21:25.000,0.361666375,32.6379834,98,58
519,Kampala Breathes 1,2025-06-14T08:21:26.000,0.361674931,32.637997,117,68
520,Kampala Breathes 1,2025-06-14T08:21:27.000,0.36167722,32.63801461,129,74
521,Kampala Breathes 1,2025-06-14T08:21:28.000,0.361685035,32.63802738,139,79
522,Kampala Breathes 1,2025-06-14T08:21:29.000,0.361692081,32.63803778,143,81
523,Kampala Breathes 1,2025-06-14T08:21:30.000,0.361704262,32.63804504,143,81
524,Kampala Breathes 1,2025-06-14T08:21:31.000,0.361715141,32.63805629,150,84
525,Kampala Breathes 1,2025-06-14T08:21:32.000,0.361724629,32.63806685,157,88
526,Kampala Breathes 1,2025-06-14T08:21:33.000,0.361734606,32.63807808,164,91
527,Kampala Breathes 1,2025-06-14T08:21:34.000,0.361745496,32.63809156,164,91
528,Kampala Breathes 1,2025-06-14T08:21:35.000,0.361752962,32.63810429,160,90
529,Kampala Breathes 1,2025-06-14T08:21:36.000,0.361761215,32.63811824,157,88
530,Kampala Breathes 1,2025-06-14T08:21:37.000,0.36176934,32.63813117,150,84
531,Kampala Breathes 1,2025-06-14T08:21:38.000,0.361779512,32.63814193,139,79
532,Kampala Breathes 1,2025-06-14T08:21:39.000,0.361788152,32.63815142,133,76
533,Kampala Breathes 1,2025-06-14T08:21:40.000,0.361797772,32.63816268,123,71
534,Kampala Breathes 1,2025-06-14T08:21:41.000,0.361803293,32.63817431,110,65
535,Kampala Breathes 1,2025-06-14T08:21:42.000,0.361805952,32.63818552,104,62
536,Kampala Breathes 1,2025-06-14T08:21:43.000,0.361815495,32.63819831,104,62
537,Kampala Breathes 1,2025-06-14T08:21:44.000,0.361824116,32.63821025,98,58
538,Kampala Breathes 1,2025-06-14T08:21:45.000,0.361831424,32.63822133,91,55
539,Kampala Breathes 1,2025-06-14T08:21:46.000,0.36183812,32.63823157,79,49
540,Kampala Breathes 1,2025-06-14T08:21:47.000,0.361847337,32.63824245,79,49
541,Kampala Breathes 1,2025-06-14T08:21:48.000,0.361854673,32.63825302,73,46
542,Kampala Breathes 1,2025-06-14T08:21:49.000,0.361865121,32.63826153,73,46
543,Kampala Breathes 1,2025-06-14T08:21:50.000,0.361875877,32.63827279,66,43
544,Kampala Breathes 1,2025-06-14T08:21:51.000,0.361884996,32.63828543,66,43
545,Kampala Breathes 1,2025-06-14T08:21:52.000,0.361892824,32.63829713,66,43
546,Kampala Breathes 1,2025-06-14T08:21:53.000,0.361898467,32.63830951,66,43
547,Kampala Breathes 1,2025-06-14T08:21:54.000,0.361909229,32.63832289,66,43
548,Kampala Breathes 1,2025-06-14T08:21:55.000,0.361920016,32.63833359,66,43
549,Kampala Breathes 1,2025-06-14T08:21:56.000,0.361927696,32.63834336,60,39
550,Kampala Breathes 1,2025-06-14T08:21:57.000,0.361937293,32.63835246,60,39
551,Kampala Breathes 1,2025-06-14T08:21:58.000,0.361945532,32.63836521,60,39
552,Kampala Breathes 1,2025-06-14T08:21:59.000,0.361947828,32.63838417,66,43
553,Kampala Breathes 1,2025-06-14T08:22:00.000,0.361961381,32.63839576,66,43
554,Kampala Breathes 1,2025-06-14T08:22:01.000,0.361970872,32.63840484,66,43
555,Kampala Breathes 1,2025-06-14T08:22:02.000,0.361977359,32.63841679,66,43
556,Kampala Breathes 1,2025-06-14T08:22:03.000,0.36198531,32.63842447,60,39
557,Kampala Breathes 1,2025-06-14T08:22:04.000,0.361992818,32.63843505,60,39
558,Kampala Breathes 1,2025-06-14T08:22:05.000,0.362000157,32.63844786,60,39
559,Kampala Breathes 1,2025-06-14T08:22:06.000,0.362007984,32.63845639,60,39
560,Kampala Breathes 1,2025-06-14T08:22:07.000,0.362017741,32.63846338,66,43
561,Kampala Breathes 1,2025-06-14T08:22:08.000,0.362026196,32.63847303,60,39
562,Kampala Breathes 1,2025-06-14T08:22:09.000,0.362030966,32.63848336,60,39
563,Kampala Breathes 1,2025-06-14T08:22:10.000,0.362042625,32.63849294,60,39
564,Kampala Breathes 1,2025-06-14T08:22:11.000,0.362055277,32.6384988,66,43
565,Kampala Breathes 1,2025-06-14T08:22:12.000,0.362064078,32.63850829,66,43
566,Kampala Breathes 1,2025-06-14T08:22:13.000,0.362071592,32.63851949,73,46
567,Kampala Breathes 1,2025-06-14T08:22:14.000,0.362081726,32.63852833,73,46
568,Kampala Breathes 1,2025-06-14T08:22:15.000,0.362089826,32.63853615,79,49
569,Kampala Breathes 1,2025-06-14T08:22:16.000,0.362096656,32.63854899,73,46
570,Kampala Breathes 1,2025-06-14T08:22:17.000,0.3621072,32.63855796,79,49
571,Kampala Breathes 1,2025-06-14T08:22:18.000,0.362114847,32.6385717,79,49
572,Kampala Breathes 1,2025-06-14T08:22:19.000,0.362123668,32.63858778,79,49
573,Kampala Breathes 1,2025-06-14T08:22:20.000,0.36212912,32.6385995,79,49
574,Kampala Breathes 1,2025-06-14T08:22:21.000,0.36214158,32.63860934,73,46
575,Kampala Breathes 1,2025-06-14T08:22:22.000,0.362150515,32.63862204,73,46
576,Kampala Breathes 1,2025-06-14T08:22:23.000,0.362158101,32.63863385,66,43
577,Kampala Breathes 1,2025-06-14T08:22:24.000,0.362167106,32.63864594,66,43
578,Kampala Breathes 1,2025-06-14T08:22:25.000,0.362178714,32.63865549,73,46
579,Kampala Breathes 1,2025-06-14T08:22:26.000,0.362183211,32.63867269,73,46
580,Kampala Breathes 1,2025-06-14T08:22:27.000,0.362187097,32.63868878,73,46
581,Kampala Breathes 1,2025-06-14T08:22:28.000,0.362199531,32.63870638,73,46
582,Kampala Breathes 1,2025-06-14T08:22:29.000,0.362210804,32.63872219,79,49
583,Kampala Breathes 1,2025-06-14T08:22:30.000,0.362220195,32.6387414,79,49
584,Kampala Breathes 1,2025-06-14T08:22:31.000,0.362232854,32.63875324,79,49
585,Kampala Breathes 1,2025-06-14T08:22:32.000,0.362245499,32.63877149,73,46
586,Kampala Breathes 1,2025-06-14T08:22:33.000,0.362263403,32.63878475,73,46
587,Kampala Breathes 1,2025-06-14T08:22:34.000,0.362276119,32.63880296,73,46
588,Kampala Breathes 1,2025-06-14T08:22:35.000,0.362282728,32.63882043,73,46
589,Kampala Breathes 1,2025-06-14T08:22:36.000,0.362290745,32.63883183,73,46
590,Kampala Breathes 1,2025-06-14T08:22:37.000,0.362303599,32.63884687,73,46
591,Kampala Breathes 1,2025-06-14T08:22:38.000,0.362316224,32.6388576,73,46
592,Kampala Breathes 1,2025-06-14T08:22:39.000,0.36232059,32.63887401,73,46
593,Kampala Breathes 1,2025-06-14T08:22:40.000,0.362331241,32.63888488,73,46
594,Kampala Breathes 1,2025-06-14T08:22:41.000,0.362341799,32.63889501,73,46
595,Kampala Breathes 1,2025-06-14T08:22:42.000,0.362351073,32.63890507,73,46
596,Kampala Breathes 1,2025-06-14T08:22:43.000,0.362358836,32.63891281,66,43
597,Kampala Breathes 1,2025-06-14T08:22:44.000,0.362367662,32.63892734,66,43
598,Kampala Breathes 1,2025-06-14T08:22:45.000,0.362378795,32.63893722,73,46
599,Kampala Breathes 1,2025-06-14T08:22:46.000,0.362389492,32.63894796,73,46
600,Kampala Breathes 1,2025-06-14T08:22:47.000,0.362396637,32.63896103,66,43
601,Kampala Breathes 1,2025-06-14T08:22:48.000,0.362406799,32.63897036,66,43
602,Kampala Breathes 1,2025-06-14T08:22:49.000,0.362418731,32.63898034,66,43
603,Kampala Breathes 1,2025-06-14T08:22:50.000,0.362426669,32.63899098,73,46
604,Kampala Breathes 1,2025-06-14T08:22:51.000,0.362432534,32.63900644,73,46
605,Kampala Breathes 1,2025-06-14T08:22:52.000,0.362444793,32.63901719,79,49
606,Kampala Breathes 1,2025-06-14T08:22:53.000,0.362458956,32.63902549,79,49
607,Kampala Breathes 1,2025-06-14T08:22:54.000,0.36246747,32.63903773,73,46
608,Kampala Breathes 1,2025-06-14T08:22:55.000,0.362472948,32.6390488,79,49
609,Kampala Breathes 1,2025-06-14T08:22:56.000,0.362479328,32.63906087,73,46
610,Kampala Breathes 1,2025-06-14T08:22:57.000,0.362486991,32.63906983,73,46
611,Kampala Breathes 1,2025-06-14T08:22:58.000,0.362495605,32.63907919,73,46
612,Kampala Breathes 1,2025-06-14T08:22:59.000,0.362506803,32.63908912,73,46
613,Kampala Breathes 1,2025-06-14T08:23:00.000,0.362513404,32.63910105,66,43
614,Kampala Breathes 1,2025-06-14T08:23:01.000,0.362519457,32.63911097,66,43
615,Kampala Breathes 1,2025-06-14T08:23:02.000,0.362525003,32.63912404,66,43
616,Kampala Breathes 1,2025-06-14T08:23:03.000,0.362533155,32.63913555,66,43
617,Kampala Breathes 1,2025-06-14T08:23:04.000,0.362544908,32.63915032,66,43
618,Kampala Breathes 1,2025-06-14T08:23:05.000,0.362553299,32.63915905,60,39
619,Kampala Breathes 1,2025-06-14T08:23:06.000,0.362560255,32.63916748,60,39
620,Kampala Breathes 1,2025-06-14T08:23:07.000,0.362571811,32.63917928,54,36
621,Kampala Breathes 1,2025-06-14T08:23:08.000,0.362581419,32.63919038,60,39
622,Kampala Breathes 1,2025-06-14T08:23:09.000,0.362592411,32.63920228,60,39
623,Kampala Breathes 1,2025-06-14T08:23:10.000,0.362602768,32.63921484,60,39
624,Kampala Breathes 1,2025-06-14T08:23:11.000,0.362609108,32.63922988,66,43
625,Kampala Breathes 1,2025-06-14T08:23:12.000,0.362619751,32.63924216,60,39
626,Kampala Breathes 1,2025-06-14T08:23:13.000,0.362629852,32.63925433,60,39
627,Kampala Breathes 1,2025-06-14T08:23:14.000,0.362640289,32.63926411,54,36
628,Kampala Breathes 1,2025-06-14T08:23:15.000,0.362646859,32.63927544,54,36
629,Kampala Breathes 1,2025-06-14T08:23:16.000,0.362653474,32.63929332,60,39
630,Kampala Breathes 1,2025-06-14T08:23:17.000,0.36266266,32.63930272,60,39
631,Kampala Breathes 1,2025-06-14T08:23:18.000,0.362676839,32.63931121,60,39
632,Kampala Breathes 1,2025-06-14T08:23:19.000,0.362685465,32.63932131,60,39
633,Kampala Breathes 1,2025-06-14T08:23:20.000,0.362692839,32.63933329,54,36
634,Kampala Breathes 1,2025-06-14T08:23:21.000,0.362702844,32.63934444,54,36
635,Kampala Breathes 1,2025-06-14T08:23:22.000,0.362711326,32.63935643,54,36
636,Kampala Breathes 1,2025-06-14T08:23:23.000,0.36271966,32.63936731,60,39
637,Kampala Breathes 1,2025-06-14T08:23:24.000,0.362729624,32.6393786,60,39
638,Kampala Breathes 1,2025-06-14T08:23:25.000,0.362735665,32.63939405,60,39
639,Kampala Breathes 1,2025-06-14T08:23:26.000,0.362745156,32.63940606,60,39
640,Kampala Breathes 1,2025-06-14T08:23:27.000,0.362755832,32.63941653,60,39
641,Kampala Breathes 1,2025-06-14T08:23:28.000,0.362769797,32.63942315,60,39
642,Kampala Breathes 1,2025-06-14T08:23:29.000,0.362777364,32.63943282,73,46
643,Kampala Breathes 1,2025-06-14T08:23:30.000,0.362784233,32.63944416,66,43
644,Kampala Breathes 1,2025-06-14T08:23:31.000,0.362792936,32.63945526,73,46
645,Kampala Breathes 1,2025-06-14T08:23:32.000,0.362802568,32.63946518,73,46
646,Kampala Breathes 1,2025-06-14T08:23:33.000,0.362806876,32.63947848,73,46
647,Kampala Breathes 1,2025-06-14T08:23:34.000,0.362813554,32.63949015,73,46
648,Kampala Breathes 1,2025-06-14T08:23:35.000,0.362823311,32.63949672,66,43
649,Kampala Breathes 1,2025-06-14T08:23:36.000,0.362834287,32.63950488,66,43
650,Kampala Breathes 1,2025-06-14T08:23:37.000,0.362841763,32.63951884,66,43
651,Kampala Breathes 1,2025-06-14T08:23:38.000,0.362848399,32.63953064,66,43
652,Kampala Breathes 1,2025-06-14T08:23:39.000,0.362855753,32.63954415,66,43
653,Kampala Breathes 1,2025-06-14T08:23:40.000,0.362865332,32.63955464,66,43
654,Kampala Breathes 1,2025-06-14T08:23:41.000,0.362877109,32.63956402,66,43
655,Kampala Breathes 1,2025-06-14T08:23:42.000,0.362884532,32.63957628,60,39
656,Kampala Breathes 1,2025-06-14T08:23:43.000,0.362893787,32.63959171,60,39
657,Kampala Breathes 1,2025-06-14T08:23:44.000,0.362904696,32.63960811,63,41
658,Kampala Breathes 1,2025-06-14T08:23:45.000,0.362919286,32.63961988,66,43
659,Kampala Breathes 1,2025-06-14T08:23:46.000,0.362926892,32.63963865,60,39
660,Kampala Breathes 1,2025-06-14T08:23:47.000,0.362940728,32.63964449,54,36
661,Kampala Breathes 1,2025-06-14T08:23:48.000,0.362944081,32.63965904,60,39
662,Kampala Breathes 1,2025-06-14T08:23:49.000,0.362949936,32.63967039,60,39
663,Kampala Breathes 1,2025-06-14T08:23:50.000,0.362959815,32.63968437,60,39
664,Kampala Breathes 1,2025-06-14T08:23:51.000,0.362978683,32.63969412,60,39
665,Kampala Breathes 1,2025-06-14T08:23:52.000,0.362982763,32.63971336,60,39
666,Kampala Breathes 1,2025-06-14T08:23:53.000,0.362986728,32.63972821,66,43
667,Kampala Breathes 1,2025-06-14T08:23:54.000,0.362996308,32.63973848,66,43
668,Kampala Breathes 1,2025-06-14T08:23:55.000,0.36300505,32.63975099,66,43
669,Kampala Breathes 1,2025-06-14T08:23:56.000,0.363015053,32.63975886,66,43
670,Kampala Breathes 1,2025-06-14T08:23:57.000,0.363024763,32.6397708,66,43
671,Kampala Breathes 1,2025-06-14T08:23:58.000,0.363028873,32.6397843,66,43
672,Kampala Breathes 1,2025-06-14T08:23:59.000,0.363039982,32.63979523,60,39
673,Kampala Breathes 1,2025-06-14T08:24:00.000,0.363050527,32.63980286,60,39
674,Kampala Breathes 1,2025-06-14T08:24:01.000,0.363057394,32.63981722,66,43
675,Kampala Breathes 1,2025-06-14T08:24:02.000,0.363067344,32.63982616,66,43
676,Kampala Breathes 1,2025-06-14T08:24:03.000,0.363076671,32.6398352,60,39
677,Kampala Breathes 1,2025-06-14T08:24:04.000,0.363086823,32.63984152,60,39
678,Kampala Breathes 1,2025-06-14T08:24:05.000,0.363093483,32.63985775,60,39
679,Kampala Breathes 1,2025-06-14T08:24:06.000,0.363098302,32.63987384,60,39
680,Kampala Breathes 1,2025-06-14T08:24:07.000,0.363109118,32.63988513,60,39
681,Kampala Breathes 1,2025-06-14T08:24:08.000,0.363119319,32.63989553,54,36
682,Kampala Breathes 1,2025-06-14T08:24:09.000,0.363129268,32.63990468,54,36
683,Kampala Breathes 1,2025-06-14T08:24:10.000,0.363132809,32.63991546,54,36
684,Kampala Breathes 1,2025-06-14T08:24:11.000,0.363140835,32.63992724,54,36
685,Kampala Breathes 1,2025-06-14T08:24:12.000,0.363148723,32.63994023,54,36
686,Kampala Breathes 1,2025-06-14T08:24:13.000,0.363153662,32.63995241,54,36
687,Kampala Breathes 1,2025-06-14T08:24:14.000,0.363161893,32.63996198,54,36
688,Kampala Breathes 1,2025-06-14T08:24:15.000,0.363176591,32.63997167,54,36
689,Kampala Breathes 1,2025-06-14T08:24:16.000,0.363190452,32.63998023,54,36
690,Kampala Breathes 1,2025-06-14T08:24:17.000,0.363205242,32.63998728,60,39
691,Kampala Breathes 1,2025-06-14T08:24:18.000,0.363214087,32.63999515,60,39
692,Kampala Breathes 1,2025-06-14T08:24:19.000,0.363219975,32.64001104,63,41
693,Kampala Breathes 1,2025-06-14T08:24:20.000,0.363223323,32.64002723,73,46
694,Kampala Breathes 1,2025-06-14T08:24:21.000,0.363234454,32.640037,73,46
695,Kampala Breathes 1,2025-06-14T08:24:22.000,0.363243713,32.64004591,73,46
696,Kampala Breathes 1,2025-06-14T08:24:23.000,0.363253033,32.64005382,73,46
697,Kampala Breathes 1,2025-06-14T08:24:24.000,0.363264133,32.64006052,79,49
698,Kampala Breathes 1,2025-06-14T08:24:25.000,0.363273495,32.64006956,104,62
699,Kampala Breathes 1,2025-06-14T08:24:26.000,0.363279923,32.64008034,133,76
700,Kampala Breathes 1,2025-06-14T08:24:27.000,0.363287576,32.64009102,160,90
701,Kampala Breathes 1,2025-06-14T08:24:28.000,0.363296977,32.640099,217,118
702,Kampala Breathes 1,2025-06-14T08:24:29.000,0.363303216,32.64010964,246,133
703,Kampala Breathes 1,2025-06-14T08:24:30.000,0.363312425,32.64012093,253,136
704,Kampala Breathes 1,2025-06-14T08:24:31.000,0.363319328,32.64013364,250,134
705,Kampala Breathes 1,2025-06-14T08:24:32.000,0.363325641,32.64014612,253,136
706,Kampala Breathes 1,2025-06-14T08:24:33.000,0.363329782,32.64015691,250,134
707,Kampala Breathes 1,2025-06-14T08:24:34.000,0.363341405,32.64016559,233,126
708,Kampala Breathes 1,2025-06-14T08:24:35.000,0.363349319,32.64017423,208,114
709,Kampala Breathes 1,2025-06-14T08:24:36.000,0.363353657,32.64018474,208,114
710,Kampala Breathes 1,2025-06-14T08:24:37.000,0.363363419,32.64019461,186,102
711,Kampala Breathes 1,2025-06-14T08:24:38.000,0.363372779,32.64020467,143,81
712,Kampala Breathes 1,2025-06-14T08:24:39.000,0.363380329,32.6402155,143,81
713,Kampala Breathes 1,2025-06-14T08:24:40.000,0.36338888,32.6402262,110,65
714,Kampala Breathes 1,2025-06-14T08:24:41.000,0.363397014,32.64023659,110,65
715,Kampala Breathes 1,2025-06-14T08:24:42.000,0.363405854,32.64024856,98,58
716,Kampala Breathes 1,2025-06-14T08:24:43.000,0.363415544,32.6402647,98,58
717,Kampala Breathes 1,2025-06-14T08:24:44.000,0.363429925,32.64027812,91,55
718,Kampala Breathes 1,2025-06-14T08:24:45.000,0.363442939,32.64029077,91,55
719,Kampala Breathes 1,2025-06-14T08:24:46.000,0.363449151,32.64030277,98,58
